[
  {
    "value": "jacket",
    "synonyms": [
      "jacket",
      "jackets",
      "heated jackets"
    ]
  },
  {
    "value": "maintainence",
    "synonyms": [
      "maintainence",
      "fix",
      "repair",
      "maintain"
    ]
  },
  {
    "value": "radio",
    "synonyms": [
      "radio",
      "music",
      "sound"
    ]
  },
  {
    "value": "tires",
    "synonyms": [
      "tires",
      "wheels",
      "rubber"
    ]
  },
  {
    "value": "battery",
    "synonyms": [
      "battery",
      "volts",
      "electric",
      "charge"
    ]
  }
]