[
  {
    "id": "2fb95bc6-b6ec-4e9d-8bf1-f726db647642",
    "data": [
      {
        "text": "can you answer any other question",
        "userDefined": false
      }
    ],
    "isTemplate": false,
    "count": 0,
    "updated": 1525101280
  },
  {
    "id": "8b68f487-d84c-4ecc-b980-1eb8beda4428",
    "data": [
      {
        "text": "any question",
        "userDefined": false
      }
    ],
    "isTemplate": false,
    "count": 0,
    "updated": 1525101280
  },
  {
    "id": "d6d4025a-5f90-432f-865a-a3a1df26aad0",
    "data": [
      {
        "text": "can you answer any question",
        "userDefined": false
      }
    ],
    "isTemplate": false,
    "count": 0,
    "updated": 1525101280
  }
]