[
  {
    "id": "65d5c130-ab2b-44d1-83bc-40172bf7f27a",
    "data": [
      {
        "text": "show me the calculator",
        "userDefined": false
      }
    ],
    "isTemplate": false,
    "count": 0,
    "updated": 1523460050
  },
  {
    "id": "54dada12-cc36-48be-b28b-a4a28c49b711",
    "data": [
      {
        "text": "calculator",
        "userDefined": false
      }
    ],
    "isTemplate": false,
    "count": 0,
    "updated": 1523460050
  },
  {
    "id": "aac5eb2f-afad-4dcb-821f-c96526a231e4",
    "data": [
      {
        "text": "mortgage calculator",
        "userDefined": false
      }
    ],
    "isTemplate": false,
    "count": 0,
    "updated": 1523460050
  }
]