[
  {
    "id": "78f4261d-6868-4a0b-8b76-0e4076e95dd0",
    "data": [
      {
        "text": "personal care",
        "userDefined": false
      }
    ],
    "isTemplate": false,
    "count": 0,
    "updated": 1527201670
  },
  {
    "id": "22186ed8-b3cc-4705-ac6e-75e89251f74e",
    "data": [
      {
        "text": "care services",
        "userDefined": false
      }
    ],
    "isTemplate": false,
    "count": 0,
    "updated": 1527201749
  },
  {
    "id": "c5f0e34d-655d-417e-9752-fa8f0f2968e0",
    "data": [
      {
        "text": "cares",
        "userDefined": false
      }
    ],
    "isTemplate": false,
    "count": 0,
    "updated": 1525100650
  },
  {
    "id": "b5111646-39e0-4a98-bed0-4f5df6ac9f71",
    "data": [
      {
        "text": "care",
        "userDefined": false
      }
    ],
    "isTemplate": false,
    "count": 0,
    "updated": 1525100650
  }
]