[
  {
    "id": "b8993fd5-7a31-462f-864f-c3b3a60747b8",
    "data": [
      {
        "text": "contact center express",
        "userDefined": false
      }
    ],
    "isTemplate": false,
    "count": 0,
    "updated": 1525101371
  },
  {
    "id": "305f7edb-8b38-4a22-a319-412e387a03d3",
    "data": [
      {
        "text": "ccx",
        "userDefined": false
      }
    ],
    "isTemplate": false,
    "count": 0,
    "updated": 1525101371
  },
  {
    "id": "05338da1-23e6-4873-9fc6-e1f0e2bb1b04",
    "data": [
      {
        "text": "express",
        "userDefined": false
      }
    ],
    "isTemplate": false,
    "count": 0,
    "updated": 1525101371
  }
]