[
  {
    "id": "d5840f4c-d102-4d60-9461-febd0df43cb7",
    "data": [
      {
        "text": "specialist",
        "userDefined": false
      }
    ],
    "isTemplate": false,
    "count": 0,
    "updated": 1527091552
  },
  {
    "id": "59505f22-15c2-4333-9bfc-f765b7a25469",
    "data": [
      {
        "text": "escalate",
        "userDefined": false
      }
    ],
    "isTemplate": false,
    "count": 0,
    "updated": 1527091552
  },
  {
    "id": "6fb08c04-e9aa-48d4-9b91-5a2a2cbf3545",
    "data": [
      {
        "text": "expert",
        "userDefined": false
      }
    ],
    "isTemplate": false,
    "count": 0,
    "updated": 1527091552
  },
  {
    "id": "0a1f471b-a2e8-4445-bd6e-37c8614b0ba1",
    "data": [
      {
        "text": "I want to talk to an expert",
        "userDefined": false
      }
    ],
    "isTemplate": false,
    "count": 0,
    "updated": 1527091552
  },
  {
    "id": "33ce89f4-3817-49c9-9b37-5f9645e5ada6",
    "data": [
      {
        "text": "I would like to talk to an agent",
        "userDefined": false
      }
    ],
    "isTemplate": false,
    "count": 0,
    "updated": 1527091552
  },
  {
    "id": "8915abb3-05c1-4c8f-a920-a4ab6737857f",
    "data": [
      {
        "text": "can I talk to a specialist",
        "userDefined": false
      }
    ],
    "isTemplate": false,
    "count": 0,
    "updated": 1527091552
  },
  {
    "id": "d5e2ea3f-d3f0-41d6-ae7b-833f40796eca",
    "data": [
      {
        "text": "I need to talk to an expert",
        "userDefined": false
      }
    ],
    "isTemplate": false,
    "count": 0,
    "updated": 1527091552
  },
  {
    "id": "ed409ba0-aad7-45e3-8afa-1d2029fe45c2",
    "data": [
      {
        "text": "agent",
        "userDefined": false
      }
    ],
    "isTemplate": false,
    "count": 0,
    "updated": 1527091552
  },
  {
    "id": "b96c8961-f5ab-4f48-a3a5-2db6532dc370",
    "data": [
      {
        "text": "talk to a person",
        "userDefined": false
      }
    ],
    "isTemplate": false,
    "count": 0,
    "updated": 1527091552
  },
  {
    "id": "b96eca11-10e0-4d1f-8cc8-289df10513b7",
    "data": [
      {
        "text": "can I talk to someone",
        "userDefined": false
      }
    ],
    "isTemplate": false,
    "count": 0,
    "updated": 1527091552
  }
]