[
  {
    "id": "2bf587c6-b797-41c7-8be3-7ad3149cb91f",
    "data": [
      {
        "text": "mortgage interest rate",
        "userDefined": false
      }
    ],
    "isTemplate": false,
    "count": 0,
    "updated": 1526924016
  },
  {
    "id": "ffbb6c89-107e-401b-befc-e6aaefb7d4fb",
    "data": [
      {
        "text": "mortgage rate",
        "userDefined": false
      }
    ],
    "isTemplate": false,
    "count": 0,
    "updated": 1526924016
  },
  {
    "id": "5a044c27-759a-4fb7-99f2-b69c647f4679",
    "data": [
      {
        "text": "what is your mortgage rate",
        "userDefined": false
      }
    ],
    "isTemplate": false,
    "count": 0,
    "updated": 1526924016
  }
]