[
  {
    "id": "bf4e42b4-07a3-433b-a076-871e93b6110b",
    "data": [
      {
        "text": "switching service types",
        "userDefined": false
      }
    ],
    "isTemplate": false,
    "count": 0,
    "updated": 1525095852
  },
  {
    "id": "5ae40bde-c048-4616-9acb-57d62787aa3a",
    "data": [
      {
        "text": "service",
        "userDefined": false
      }
    ],
    "isTemplate": false,
    "count": 0,
    "updated": 1527524938
  },
  {
    "id": "368e8002-9fb4-457b-bc14-ece2a1ee81ba",
    "data": [
      {
        "text": "switching",
        "userDefined": false
      }
    ],
    "isTemplate": false,
    "count": 0,
    "updated": 1527524938
  },
  {
    "id": "24c6691d-792c-4365-a129-8402c82eb7e3",
    "data": [
      {
        "text": "switching service",
        "userDefined": false
      }
    ],
    "isTemplate": false,
    "count": 0,
    "updated": 1527524938
  }
]