[
  {
    "id": "bef86ecc-9100-47c4-a9a5-1157cca7d961",
    "data": [
      {
        "text": "1",
        "userDefined": false
      }
    ],
    "isTemplate": false,
    "count": 0,
    "updated": 1521576113
  },
  {
    "id": "ade91f9c-c9a1-4012-8d0c-0ffd047c3536",
    "data": [
      {
        "text": "2",
        "userDefined": false
      }
    ],
    "isTemplate": false,
    "count": 0,
    "updated": 1521576113
  },
  {
    "id": "1b4910f5-c345-4bd3-9b9c-1b56fd81d4c8",
    "data": [
      {
        "text": "5",
        "userDefined": false
      }
    ],
    "isTemplate": false,
    "count": 0,
    "updated": 1521576113
  },
  {
    "id": "21d21837-8c03-451e-82a1-57d6cfef6ed2",
    "data": [
      {
        "text": "3",
        "userDefined": false
      }
    ],
    "isTemplate": false,
    "count": 0,
    "updated": 1521576113
  },
  {
    "id": "964a6683-01a7-4110-a580-a94fa71c70b5",
    "data": [
      {
        "text": "4",
        "userDefined": false
      }
    ],
    "isTemplate": false,
    "count": 0,
    "updated": 1521576113
  }
]